{
    "train_runtime": 14136.0184,
    "train_samples_per_second": 50.227,
    "train_steps_per_second": 3.139,
    "total_flos": 1.8552525389841302e+17,
    "train_loss": 0.0040373358081433625,
    "epoch": 5.0,
    "eval_loss": 0.006676720455288887,
    "eval_accuracy": 0.9988855173130046,
    "eval_precision": 0.9580215764746824,
    "eval_recall": 0.9702616970658208,
    "eval_f1": 0.9641027886004465,
    "eval_runtime": 157.9495,
    "eval_samples_per_second": 93.53,
    "eval_steps_per_second": 2.925,
    "test_loss": 0.027335980907082558,
    "test_accuracy": 0.9959905893425587,
    "test_precision": 0.9785905627534163,
    "test_recall": 0.9771646249440564,
    "test_f1": 0.9778770740243102,
    "test_runtime": 180.7089,
    "test_samples_per_second": 96.337,
    "test_steps_per_second": 3.016
}